Workbook

Sheet MIX
A1: A1 | B1: pUAS::LUC | C1: Renilla | D1: pcDNA | E1: pCMV::MADGAL4NLS | F1: pUAS::DTF0N8
A2: Length | B2: 4755 | C2: - | D2: - | E2: 6025 | F2: 3046
A3: MW | B3: =((B2*617.96)+36.04) -> 2938435.8 | C3: - | D3: - | E3: =((E2*617.96)+36.04) -> 3723245 | F3: =((F2*617.96)+36.04) -> 1882342.2 | J3: • Only the hightlited information are required
A4: Weight (ng) | B4: 10 | C4: 10 | D4: =200-B4-C4-E4-F4 -> 180 | E4: 0 | F4: =F5*F3 -> 0 | J4: • Keep the same structure and include the empty rows between mixes
A5: Moles | D5: - | E5: =E4/E3 -> 0 | F5: =F6*C5 -> 0 | J5: • Add or eliminate columns if needed
A6: Molar ratio | E6: 1 | F6: 0.1 | J6: • Keep NaCl volume (set to 0 if not needed)
A7: Concentration | B7: 25 | C7: 25 | D7: 25 | E7: 25 | F7: 25
A8: Volume (uL) | B8: =B4/B7 -> 0.4 | C8: =C4/C7 -> 0.4 | D8: =D4/D7 -> 7.2 | E8: =E4/E7 -> 0 | F8: =F4/F7 -> 0
A10: Number of smples | B10: 8
A11: Well volume (uL) | B11: 10
G12: NaCL (150mM)
B13: =B10*B8*1.1 -> 3.52 | C13: =B10*C8*1.1 -> 3.52 | D13: =B10*D8*1.1 -> 63.36 | E13: =B10*E8*1.1 -> 0 | F13: =B10*F8*1.1 -> 0 | G13: =B10*B11*1.1-SUM(B13:F13) -> 17.6
B14: A4 | C14: A2 | D14: A3 | E14: A5 | F14: A6 | G14: A1
A16: A2 | B16: pUAS::LUC | C16: Renilla | D16: pcDNA | E16: pCMV::MADGAL4NLS | F16: pUAS::DTF0N8
A17: Length
A18: MW
A19: Weight (ng)
A20: Moles
A21: Molar ratio
A22: Concentration
A23: Volume (uL)
A25: Number of smples | B25: 0
A26: Well volume (uL) | B26: 0
G27: NaCL (150mM)
B28: =B25*B23*1.1 -> 0 | C28: =B25*C23*1.1 -> 0 | D28: =B25*D23*1.1 -> 0 | E28: =B25*E23*1.1 -> 0 | F28: =B25*F23*1.1 -> 0 | G28: =B25*B26*1.1-SUM(B28:F28) -> 0
B29: A4 | C29: A2 | D29: A3 | E29: A5 | F29: A6 | G29: A1
A31: A3 | B31: pUAS::LUC | C31: Renilla | D31: pcDNA | E31: pCMV::MADGAL4NLS | F31: pUAS::DTF0N8
A32: Length
A33: MW
A34: Weight (ng)
A35: Moles
A36: Molar ratio
A37: Concentration
A38: Volume (uL)
A40: Number of smples | B40: 0
A41: Well volume (uL) | B41: 0
G42: NaCL (150mM)
B43: =B40*B38*1.1 -> 0 | C43: =B40*C38*1.1 -> 0 | D43: =B40*D38*1.1 -> 0 | E43: =B40*E38*1.1 -> 0 | F43: =B40*F38*1.1 -> 0 | G43: =B40*B41*1.1-SUM(B43:F43) -> 0
B44: A4 | C44: A2 | D44: A3 | E44: A5 | F44: A6 | G44: A1

Sheet TIPS
A1: All volumes
B3: {=INDEX(MIX!B:F, 13 + (ROW(A1)-1)*15, 0)} -> 3.52 | C3: 3.52 | D3: 63.36 | E3: 0 | F3: 0
B4: {=INDEX(MIX!B:F, 13 + (ROW(A2)-1)*15, 0)} -> 0 | C4: 0 | D4: 0 | E4: 0 | F4: 0 | L4: TIPS 50: | M4: =COUNTIFS(B3:F29, ">0", B3:F29, "<50") -> 2
B5: {=INDEX(MIX!B:F, 13 + (ROW(A3)-1)*15, 0)} -> 0 | C5: 0 | D5: 0 | E5: 0 | F5: 0 | L5: TIPS 200: | M5: =COUNTIFS(B3:F29, ">=50") -> 1
B6: {=INDEX(MIX!B:F, 13 + (ROW(A4)-1)*15, 0)} -> 0 | C6: 0 | D6: 0 | E6: 0 | F6: 0
B7: {=INDEX(MIX!B:F, 13 + (ROW(A5)-1)*15, 0)} -> 0 | C7: 0 | D7: 0 | E7: 0 | F7: 0
B8: {=INDEX(MIX!B:F, 13 + (ROW(A6)-1)*15, 0)} -> 0 | C8: 0 | D8: 0 | E8: 0 | F8: 0
B9: {=INDEX(MIX!B:F, 13 + (ROW(A7)-1)*15, 0)} -> 0 | C9: 0 | D9: 0 | E9: 0 | F9: 0
B10: {=INDEX(MIX!B:F, 13 + (ROW(A8)-1)*15, 0)} -> 0 | C10: 0 | D10: 0 | E10: 0 | F10: 0
B11: {=INDEX(MIX!B:F, 13 + (ROW(A9)-1)*15, 0)} -> 0 | C11: 0 | D11: 0 | E11: 0 | F11: 0
B12: {=INDEX(MIX!B:F, 13 + (ROW(A10)-1)*15, 0)} -> 0 | C12: 0 | D12: 0 | E12: 0 | F12: 0
B13: {=INDEX(MIX!B:F, 13 + (ROW(A11)-1)*15, 0)} -> 0 | C13: 0 | D13: 0 | E13: 0 | F13: 0
B14: {=INDEX(MIX!B:F, 13 + (ROW(A12)-1)*15, 0)} -> 0 | C14: 0 | D14: 0 | E14: 0 | F14: 0
B15: {=INDEX(MIX!B:F, 13 + (ROW(A13)-1)*15, 0)} -> 0 | C15: 0 | D15: 0 | E15: 0 | F15: 0
B16: {=INDEX(MIX!B:F, 13 + (ROW(A14)-1)*15, 0)} -> 0 | C16: 0 | D16: 0 | E16: 0 | F16: 0
B17: {=INDEX(MIX!B:F, 13 + (ROW(A15)-1)*15, 0)} -> 0 | C17: 0 | D17: 0 | E17: 0 | F17: 0
... B29: {=INDEX(MIX!B:F, 13 + (ROW(A27)-1)*15, 0)} -> 0 | C29: 0 | D29: 0 | E29: 0 | F29: 0
